{
  "BTC": {
    "V1": 0.5,
    "V2": 0.5217763363428033,
    "V3": 0.5217763363428033,
    "V4": 0.5068901989683124
  },
  "ETH": {
    "V1": 0.5097483754395326,
    "V2": 0.5044341732998465,
    "V3": 0.5044341732998465,
    "V4": 0.5029552173959118
  },
  "BNB": {
    "V1": 0.5192766120818056,
    "V2": 0.5081699207881027,
    "V3": 0.5081699207881027
  },
  "ADA": {
    "V1": 0.5232785278481077,
    "V2": 0.5327448683849006,
    "V3": 0.5327448683849006
  },
  "XRP": {
    "V1": 0.5164265481923934,
    "V2": 0.5384479386627244,
    "V3": 0.5384479386627244,
    "V4": 0.5391420313017223
  },
  "DOGE": {
    "V1": 0.5315246559529505,
    "V2": 0.5196464045107505,
    "V3": 0.5196464045107505
  },
  "SOL": {
    "V1": 0.5278588048318561,
    "V2": 0.5211150995909606,
    "V3": 0.5211150995909606
  }
}